dp_folio,ejer0B,ejer1B,ejer5B,ejer10B,ejer20B,ejer0BC
1,0,1.3064315451520327,0.8157780191135747,0.5019738434413213,0.32132736044112986,1
2,0,1.3064315451520327,-0.6471414766488497,-0.37488136493147695,-0.2636697053780041,1
4,0,1.3064315451520327,-0.6471414766488497,-0.37488136493147695,-0.2636697053780041,1
5,0,1.3064315451520327,0.8157780191135747,0.5019738434413213,0.32132736044112986,1
6,0,1.3064315451520327,0.8157780191135747,0.5019738434413213,0.32132736044112986,0
7,0,1.3064315451520327,0.8157780191135747,0.5019738434413213,-0.2636697053780041,1
8,0,-1.3642812257769872,-0.6471414766488497,-0.37488136493147695,-0.2636697053780041,0
9,0,-1.3642812257769872,-0.6471414766488497,0.5019738434413213,0.32132736044112986,0
10,0,-1.3642812257769872,-0.6471414766488497,-0.37488136493147695,-0.2636697053780041,0
11,0,1.3064315451520327,0.8157780191135747,0.5019738434413213,0.32132736044112986,1
12,0,-1.3642812257769872,0.8157780191135747,0.5019738434413213,0.32132736044112986,1
13,0,1.3064315451520327,0.8157780191135747,0.5019738434413213,0.32132736044112986,1
14,0,1.3064315451520327,0.8157780191135747,0.5019738434413213,0.32132736044112986,1
15,0,1.3064315451520327,-0.6471414766488497,-0.37488136493147695,-0.2636697053780041,1
17,0,1.3064315451520327,0.8157780191135747,0.5019738434413213,0.32132736044112986,1
18,0,1.3064315451520327,-0.6471414766488497,0.5019738434413213,0.32132736044112986,0
19,0,-1.3642812257769872,-0.6471414766488497,-0.37488136493147695,-0.2636697053780041,0
22,0,1.3064315451520327,0.8157780191135747,0.5019738434413213,0.32132736044112986,1
23,0,-1.3642812257769872,-0.6471414766488497,-0.37488136493147695,-0.2636697053780041,0
24,0,1.3064315451520327,-0.6471414766488497,-0.37488136493147695,-0.2636697053780041,1
25,0,1.3064315451520327,0.8157780191135747,0.5019738434413213,0.32132736044112986,1
26,0,1.3064315451520327,0.8157780191135747,-0.37488136493147695,-0.2636697053780041,1
27,0,1.3064315451520327,0.8157780191135747,-0.37488136493147695,-0.2636697053780041,0
28,0,1.3064315451520327,0.8157780191135747,0.5019738434413213,0.32132736044112986,1
29,0,-1.3642812257769872,-0.6471414766488497,0.5019738434413213,-0.2636697053780041,1
30,0,-1.3642812257769872,-0.6471414766488497,-0.37488136493147695,0.32132736044112986,0
31,0,-1.3642812257769872,0.8157780191135747,0.5019738434413213,-0.2636697053780041,0
32,0,1.3064315451520327,0.8157780191135747,0.5019738434413213,0.32132736044112986,0
33,0,-1.3642812257769872,-0.6471414766488497,-0.37488136493147695,-0.2636697053780041,0
34,0,-1.3642812257769872,-0.6471414766488497,-0.37488136493147695,-0.2636697053780041,0
35,0,-1.3642812257769872,-0.6471414766488497,-0.37488136493147695,-0.2636697053780041,1
36,0,-1.3642812257769872,-0.6471414766488497,-0.37488136493147695,0.32132736044112986,0
37,0,1.3064315451520327,0.8157780191135747,0.5019738434413213,0.32132736044112986,1
38,0,-1.3642812257769872,-0.6471414766488497,-0.37488136493147695,-0.2636697053780041,1
40,0,1.3064315451520327,0.8157780191135747,-0.37488136493147695,-0.2636697053780041,1
41,0,-1.3642812257769872,0.8157780191135747,-0.37488136493147695,0.32132736044112986,0
42,0,1.3064315451520327,-0.6471414766488497,-0.37488136493147695,-0.2636697053780041,1
43,0,1.3064315451520327,-0.6471414766488497,0.5019738434413213,-0.2636697053780041,1
44,0,-1.3642812257769872,-0.6471414766488497,-0.37488136493147695,-0.2636697053780041,0
45,0,-1.3642812257769872,-0.6471414766488497,-0.37488136493147695,-0.2636697053780041,0
46,0,-1.3642812257769872,-0.6471414766488497,-0.37488136493147695,-0.2636697053780041,1
47,0,1.3064315451520327,0.8157780191135747,0.5019738434413213,0.32132736044112986,1
48,0,-1.3642812257769872,0.8157780191135747,0.5019738434413213,-0.2636697053780041,0
49,0,1.3064315451520327,0.8157780191135747,-0.37488136493147695,-0.2636697053780041,1
50,0,1.3064315451520327,0.8157780191135747,0.5019738434413213,0.32132736044112986,1
51,0,1.3064315451520327,-0.6471414766488497,-0.37488136493147695,-0.2636697053780041,0
52,0,-1.3642812257769872,-0.6471414766488497,-0.37488136493147695,0.32132736044112986,0
53,0,-1.3642812257769872,-0.6471414766488497,-0.37488136493147695,0.32132736044112986,0
54,0,-1.3642812257769872,0.8157780191135747,-0.37488136493147695,0.32132736044112986,0
55,0,1.3064315451520327,0.8157780191135747,0.5019738434413213,-0.2636697053780041,1
56,0,-1.3642812257769872,0.8157780191135747,0.5019738434413213,-0.2636697053780041,0
57,0,1.3064315451520327,-0.6471414766488497,-0.37488136493147695,-0.2636697053780041,1
59,0,-1.3642812257769872,-0.6471414766488497,-0.37488136493147695,-0.2636697053780041,0
60,0,-1.3642812257769872,0.8157780191135747,0.5019738434413213,0.32132736044112986,0
61,0,1.3064315451520327,0.8157780191135747,0.5019738434413213,0.32132736044112986,1
62,0,1.3064315451520327,0.8157780191135747,0.5019738434413213,-0.2636697053780041,1
63,0,1.3064315451520327,-0.6471414766488497,0.5019738434413213,0.32132736044112986,1
64,0,1.3064315451520327,-0.6471414766488497,0.5019738434413213,0.32132736044112986,1
65,0,1.3064315451520327,-0.6471414766488497,0.5019738434413213,-0.2636697053780041,1
66,0,-1.3642812257769872,-0.6471414766488497,-0.37488136493147695,0.32132736044112986,0
67,0,-1.3642812257769872,-0.6471414766488497,-0.37488136493147695,-0.2636697053780041,0
68,0,-1.3642812257769872,0.8157780191135747,0.5019738434413213,0.32132736044112986,0
70,0,1.3064315451520327,-0.6471414766488497,-0.37488136493147695,-0.2636697053780041,1
71,0,1.3064315451520327,0.8157780191135747,0.5019738434413213,0.32132736044112986,1
72,0,-1.3642812257769872,0.8157780191135747,0.5019738434413213,0.32132736044112986,0
73,0,1.3064315451520327,-0.6471414766488497,0.5019738434413213,0.32132736044112986,1
74,0,-1.3642812257769872,-0.6471414766488497,-0.37488136493147695,0.32132736044112986,1
75,0,-1.3642812257769872,-0.6471414766488497,-0.37488136493147695,-0.2636697053780041,0
77,0,-1.3642812257769872,-0.6471414766488497,-0.37488136493147695,-0.2636697053780041,0
78,0,-1.3642812257769872,-0.6471414766488497,-0.37488136493147695,-0.2636697053780041,0
79,0,-1.3642812257769872,-0.6471414766488497,-0.37488136493147695,-0.2636697053780041,0
80,0,-1.3642812257769872,-0.6471414766488497,-0.37488136493147695,-0.2636697053780041,1
81,0,1.3064315451520327,0.8157780191135747,-0.37488136493147695,-0.2636697053780041,0
82,0,-1.3642812257769872,-0.6471414766488497,-0.37488136493147695,0.32132736044112986,0
83,0,1.3064315451520327,0.8157780191135747,0.5019738434413213,0.32132736044112986,1
84,0,1.3064315451520327,0.8157780191135747,0.5019738434413213,0.32132736044112986,0
85,0,1.3064315451520327,0.8157780191135747,0.5019738434413213,0.32132736044112986,1
86,0,1.3064315451520327,-0.6471414766488497,-0.37488136493147695,-0.2636697053780041,1
87,0,-1.3642812257769872,0.8157780191135747,-0.37488136493147695,-0.2636697053780041,0
88,0,1.3064315451520327,-0.6471414766488497,-0.37488136493147695,0.32132736044112986,1
89,0,-1.3642812257769872,-0.6471414766488497,0.5019738434413213,-0.2636697053780041,1
90,0,1.3064315451520327,0.8157780191135747,0.5019738434413213,0.32132736044112986,1
91,0,1.3064315451520327,0.8157780191135747,0.5019738434413213,0.32132736044112986,1
92,0,-1.3642812257769872,-0.6471414766488497,-0.37488136493147695,-0.2636697053780041,1
93,0,1.3064315451520327,0.8157780191135747,0.5019738434413213,0.32132736044112986,1
94,0,-1.3642812257769872,-0.6471414766488497,-0.37488136493147695,-0.2636697053780041,1
95,0,1.3064315451520327,0.8157780191135747,0.5019738434413213,0.32132736044112986,1
96,0,1.3064315451520327,-0.6471414766488497,-0.37488136493147695,0.32132736044112986,1
97,0,-1.3642812257769872,-0.6471414766488497,-0.37488136493147695,-0.2636697053780041,0
98,0,1.3064315451520327,0.8157780191135747,0.5019738434413213,0.32132736044112986,1
99,0,1.3064315451520327,0.8157780191135747,0.5019738434413213,0.32132736044112986,1
100,0,1.3064315451520327,0.8157780191135747,0.5019738434413213,0.32132736044112986,1
101,0,1.3064315451520327,0.8157780191135747,0.5019738434413213,0.32132736044112986,1
102,0,1.3064315451520327,0.8157780191135747,0.5019738434413213,-0.2636697053780041,1
103,0,-1.3642812257769872,-0.6471414766488497,-0.37488136493147695,-0.2636697053780041,1
104,0,1.3064315451520327,-0.6471414766488497,-0.37488136493147695,-0.2636697053780041,0
105,0,-1.3642812257769872,-0.6471414766488497,0.5019738434413213,0.32132736044112986,1
106,0,1.3064315451520327,0.8157780191135747,0.5019738434413213,0.32132736044112986,1
107,0,-1.3642812257769872,0.8157780191135747,0.5019738434413213,0.32132736044112986,1
108,0,1.3064315451520327,-0.6471414766488497,-0.37488136493147695,-0.2636697053780041,1
111,0,1.3064315451520327,0.8157780191135747,0.5019738434413213,0.32132736044112986,1
112,0,1.3064315451520327,0.8157780191135747,0.5019738434413213,0.32132736044112986,1
113,0,-1.3642812257769872,-0.6471414766488497,-0.37488136493147695,-0.2636697053780041,1
114,0,1.3064315451520327,0.8157780191135747,-0.37488136493147695,-0.2636697053780041,1
115,0,1.3064315451520327,0.8157780191135747,0.5019738434413213,0.32132736044112986,1
116,0,-1.3642812257769872,-0.6471414766488497,-0.37488136493147695,-0.2636697053780041,0
117,0,-1.3642812257769872,-0.6471414766488497,0.5019738434413213,0.32132736044112986,0
118,0,-1.3642812257769872,-0.6471414766488497,-0.37488136493147695,-0.2636697053780041,0
119,0,1.3064315451520327,0.8157780191135747,-0.37488136493147695,0.32132736044112986,1
120,0,-1.3642812257769872,-0.6471414766488497,0.5019738434413213,0.32132736044112986,1
121,0,1.3064315451520327,0.8157780191135747,0.5019738434413213,0.32132736044112986,1
122,0,1.3064315451520327,0.8157780191135747,0.5019738434413213,-0.2636697053780041,1
123,0,-1.3642812257769872,-0.6471414766488497,-0.37488136493147695,-0.2636697053780041,0
124,0,1.3064315451520327,0.8157780191135747,0.5019738434413213,0.32132736044112986,1
125,0,-1.3642812257769872,-0.6471414766488497,-0.37488136493147695,-0.2636697053780041,0
126,0,-1.3642812257769872,-0.6471414766488497,-0.37488136493147695,-0.2636697053780041,1
127,0,1.3064315451520327,-0.6471414766488497,-0.37488136493147695,-0.2636697053780041,1
128,0,1.3064315451520327,0.8157780191135747,0.5019738434413213,0.32132736044112986,1
129,0,1.3064315451520327,0.8157780191135747,-0.37488136493147695,-0.2636697053780041,1
130,0,1.3064315451520327,0.8157780191135747,0.5019738434413213,0.32132736044112986,1
132,0,1.3064315451520327,0.8157780191135747,0.5019738434413213,-0.2636697053780041,0
135,0,-1.3642812257769872,-0.6471414766488497,-0.37488136493147695,-0.2636697053780041,0
136,0,-1.3642812257769872,0.8157780191135747,0.5019738434413213,0.32132736044112986,0
137,0,-1.3642812257769872,-0.6471414766488497,-0.37488136493147695,0.32132736044112986,0
138,0,-1.3642812257769872,-0.6471414766488497,0.5019738434413213,0.32132736044112986,0
139,0,1.3064315451520327,0.8157780191135747,0.5019738434413213,0.32132736044112986,1
141,0,-1.3642812257769872,-0.6471414766488497,-0.37488136493147695,0.32132736044112986,1
142,0,-1.3642812257769872,-0.6471414766488497,-0.37488136493147695,-0.2636697053780041,0
143,0,-1.3642812257769872,0.8157780191135747,0.5019738434413213,0.32132736044112986,0
145,0,1.3064315451520327,-0.6471414766488497,-0.37488136493147695,0.32132736044112986,1
146,0,1.3064315451520327,0.8157780191135747,-0.37488136493147695,-0.2636697053780041,1
147,0,-1.3642812257769872,0.8157780191135747,0.5019738434413213,-0.2636697053780041,0
148,0,-1.3642812257769872,-0.6471414766488497,-0.37488136493147695,-0.2636697053780041,0
150,0,-1.3642812257769872,-0.6471414766488497,0.5019738434413213,0.32132736044112986,1
151,0,-1.3642812257769872,0.8157780191135747,0.5019738434413213,-0.2636697053780041,1
153,0,1.3064315451520327,0.8157780191135747,0.5019738434413213,-0.2636697053780041,1
155,0,1.3064315451520327,-0.6471414766488497,0.5019738434413213,0.32132736044112986,1
156,0,1.3064315451520327,0.8157780191135747,0.5019738434413213,0.32132736044112986,1
159,0,-1.3642812257769872,-0.6471414766488497,-0.37488136493147695,0.32132736044112986,0
160,0,-1.3642812257769872,-0.6471414766488497,0.5019738434413213,0.32132736044112986,0
161,0,-1.3642812257769872,-0.6471414766488497,-0.37488136493147695,-0.2636697053780041,0
162,0,1.3064315451520327,0.8157780191135747,0.5019738434413213,0.32132736044112986,1
163,0,1.3064315451520327,-0.6471414766488497,0.5019738434413213,0.32132736044112986,1
164,0,-1.3642812257769872,-0.6471414766488497,0.5019738434413213,-0.2636697053780041,0
165,0,-1.3642812257769872,-0.6471414766488497,-0.37488136493147695,-0.2636697053780041,0
166,0,1.3064315451520327,-0.6471414766488497,-0.37488136493147695,0.32132736044112986,0
167,0,1.3064315451520327,0.8157780191135747,0.5019738434413213,0.32132736044112986,1
168,0,1.3064315451520327,0.8157780191135747,-0.37488136493147695,-0.2636697053780041,1
170,0,-1.3642812257769872,-0.6471414766488497,-0.37488136493147695,0.32132736044112986,0
171,0,-1.3642812257769872,-0.6471414766488497,-0.37488136493147695,-0.2636697053780041,0
172,0,-1.3642812257769872,-0.6471414766488497,0.5019738434413213,0.32132736044112986,0
173,0,-1.3642812257769872,0.8157780191135747,-0.37488136493147695,-0.2636697053780041,0
174,0,-1.3642812257769872,-0.6471414766488497,-0.37488136493147695,0.32132736044112986,0
175,0,1.3064315451520327,-0.6471414766488497,-0.37488136493147695,0.32132736044112986,1
176,0,1.3064315451520327,-0.6471414766488497,0.5019738434413213,0.32132736044112986,0
177,0,-1.3642812257769872,0.8157780191135747,0.5019738434413213,0.32132736044112986,0
178,0,1.3064315451520327,0.8157780191135747,0.5019738434413213,0.32132736044112986,1
179,0,-1.3642812257769872,0.8157780191135747,0.5019738434413213,0.32132736044112986,0
180,0,-1.3642812257769872,0.8157780191135747,0.5019738434413213,0.32132736044112986,0
182,0,-1.3642812257769872,-0.6471414766488497,-0.37488136493147695,-0.2636697053780041,0
183,0,1.3064315451520327,-0.6471414766488497,0.5019738434413213,0.32132736044112986,0
184,0,-1.3642812257769872,-0.6471414766488497,-0.37488136493147695,-0.2636697053780041,0
185,0,-1.3642812257769872,-0.6471414766488497,-0.37488136493147695,0.32132736044112986,0
186,0,1.3064315451520327,0.8157780191135747,-0.37488136493147695,-0.2636697053780041,1
187,0,1.3064315451520327,0.8157780191135747,0.5019738434413213,0.32132736044112986,1
189,0,-1.3642812257769872,-0.6471414766488497,-0.37488136493147695,-0.2636697053780041,0
190,0,1.3064315451520327,0.8157780191135747,0.5019738434413213,0.32132736044112986,1
191,0,-1.3642812257769872,-0.6471414766488497,-0.37488136493147695,-0.2636697053780041,1
193,0,-1.3642812257769872,-0.6471414766488497,-0.37488136493147695,-0.2636697053780041,1
194,0,-1.3642812257769872,-0.6471414766488497,-0.37488136493147695,-0.2636697053780041,0
195,0,1.3064315451520327,-0.6471414766488497,0.5019738434413213,0.32132736044112986,1
196,0,-1.3642812257769872,-0.6471414766488497,-0.37488136493147695,-0.2636697053780041,1
197,0,-1.3642812257769872,-0.6471414766488497,-0.37488136493147695,-0.2636697053780041,0
198,0,1.3064315451520327,0.8157780191135747,0.5019738434413213,0.32132736044112986,1
199,0,1.3064315451520327,0.8157780191135747,-0.37488136493147695,0.32132736044112986,1
200,0,1.3064315451520327,0.8157780191135747,-0.37488136493147695,-0.2636697053780041,1
201,0,-1.3642812257769872,-0.6471414766488497,-0.37488136493147695,-0.2636697053780041,0
202,0,-1.3642812257769872,-0.6471414766488497,-0.37488136493147695,-0.2636697053780041,1
204,0,1.3064315451520327,-0.6471414766488497,-0.37488136493147695,-0.2636697053780041,0
205,0,-1.3642812257769872,-0.6471414766488497,-0.37488136493147695,-0.2636697053780041,0
206,0,-1.3642812257769872,0.8157780191135747,0.5019738434413213,0.32132736044112986,1
208,0,1.3064315451520327,0.8157780191135747,-0.37488136493147695,-0.2636697053780041,1
209,0,-1.3642812257769872,-0.6471414766488497,-0.37488136493147695,-0.2636697053780041,1
211,0,1.3064315451520327,0.8157780191135747,0.5019738434413213,0.32132736044112986,1
212,0,-1.3642812257769872,-0.6471414766488497,-0.37488136493147695,-0.2636697053780041,0
213,0,1.3064315451520327,0.8157780191135747,0.5019738434413213,-0.2636697053780041,1
214,0,1.3064315451520327,0.8157780191135747,0.5019738434413213,0.32132736044112986,1
215,0,1.3064315451520327,0.8157780191135747,0.5019738434413213,0.32132736044112986,1
216,0,-1.3642812257769872,-0.6471414766488497,-0.37488136493147695,-0.2636697053780041,0
217,0,1.3064315451520327,-0.6471414766488497,-0.37488136493147695,-0.2636697053780041,1
218,0,-1.3642812257769872,-0.6471414766488497,-0.37488136493147695,-0.2636697053780041,0
219,0,-1.3642812257769872,-0.6471414766488497,-0.37488136493147695,-0.2636697053780041,0
220,0,-1.3642812257769872,-0.6471414766488497,-0.37488136493147695,0.32132736044112986,0
221,0,-1.3642812257769872,-0.6471414766488497,-0.37488136493147695,-0.2636697053780041,0
222,0,1.3064315451520327,-0.6471414766488497,-0.37488136493147695,-0.2636697053780041,0
224,0,1.3064315451520327,0.8157780191135747,0.5019738434413213,0.32132736044112986,1
225,0,1.3064315451520327,0.8157780191135747,0.5019738434413213,0.32132736044112986,0
230,0,1.3064315451520327,0.8157780191135747,-0.37488136493147695,0.32132736044112986,1
231,0,-1.3642812257769872,-0.6471414766488497,-0.37488136493147695,-0.2636697053780041,0
234,0,1.3064315451520327,-0.6471414766488497,-0.37488136493147695,-0.2636697053780041,0
235,0,1.3064315451520327,0.8157780191135747,-0.37488136493147695,-0.2636697053780041,0
236,0,1.3064315451520327,0.8157780191135747,-0.37488136493147695,-0.2636697053780041,1
237,0,1.3064315451520327,0.8157780191135747,0.5019738434413213,-0.2636697053780041,0
238,0,1.3064315451520327,-0.6471414766488497,-0.37488136493147695,-0.2636697053780041,1
239,0,1.3064315451520327,0.8157780191135747,0.5019738434413213,0.32132736044112986,1
241,0,1.3064315451520327,0.8157780191135747,0.5019738434413213,0.32132736044112986,1
242,0,-1.3642812257769872,-0.6471414766488497,-0.37488136493147695,-0.2636697053780041,1
243,0,1.3064315451520327,-0.6471414766488497,-0.37488136493147695,-0.2636697053780041,1
244,0,1.3064315451520327,0.8157780191135747,0.5019738434413213,0.32132736044112986,1
245,0,-1.3642812257769872,-0.6471414766488497,-0.37488136493147695,0.32132736044112986,0
246,0,1.3064315451520327,-0.6471414766488497,-0.37488136493147695,-0.2636697053780041,1
247,0,1.3064315451520327,-0.6471414766488497,-0.37488136493147695,0.32132736044112986,0
248,0,1.3064315451520327,0.8157780191135747,-0.37488136493147695,-0.2636697053780041,1
249,0,-1.3642812257769872,-0.6471414766488497,-0.37488136493147695,-0.2636697053780041,0
250,0,1.3064315451520327,0.8157780191135747,0.5019738434413213,0.32132736044112986,1
252,0,1.3064315451520327,-0.6471414766488497,-0.37488136493147695,-0.2636697053780041,1
253,0,-1.3642812257769872,-0.6471414766488497,-0.37488136493147695,0.32132736044112986,0
254,0,-1.3642812257769872,0.8157780191135747,-0.37488136493147695,-0.2636697053780041,1
255,0,1.3064315451520327,0.8157780191135747,-0.37488136493147695,0.32132736044112986,0
256,0,1.3064315451520327,0.8157780191135747,0.5019738434413213,0.32132736044112986,1
258,0,1.3064315451520327,-0.6471414766488497,0.5019738434413213,0.32132736044112986,1
259,0,-1.3642812257769872,-0.6471414766488497,-0.37488136493147695,-0.2636697053780041,0
260,0,1.3064315451520327,-0.6471414766488497,-0.37488136493147695,-0.2636697053780041,1
261,0,-1.3642812257769872,-0.6471414766488497,-0.37488136493147695,-0.2636697053780041,0
262,0,1.3064315451520327,-0.6471414766488497,-0.37488136493147695,-0.2636697053780041,1
264,0,1.3064315451520327,0.8157780191135747,0.5019738434413213,0.32132736044112986,1
265,0,1.3064315451520327,0.8157780191135747,0.5019738434413213,0.32132736044112986,1
266,0,-1.3642812257769872,-0.6471414766488497,-0.37488136493147695,-0.2636697053780041,0
267,0,1.3064315451520327,0.8157780191135747,0.5019738434413213,-0.2636697053780041,1
268,0,-1.3642812257769872,-0.6471414766488497,0.5019738434413213,0.32132736044112986,0
269,0,1.3064315451520327,0.8157780191135747,-0.37488136493147695,-0.2636697053780041,1
270,0,-1.3642812257769872,-0.6471414766488497,0.5019738434413213,0.32132736044112986,0
271,0,1.3064315451520327,0.8157780191135747,-0.37488136493147695,-0.2636697053780041,1
272,0,-1.3642812257769872,-0.6471414766488497,0.5019738434413213,0.32132736044112986,0
273,0,1.3064315451520327,0.8157780191135747,0.5019738434413213,0.32132736044112986,1
274,0,1.3064315451520327,0.8157780191135747,0.5019738434413213,0.32132736044112986,1
275,0,1.3064315451520327,0.8157780191135747,0.5019738434413213,0.32132736044112986,0
276,0,1.3064315451520327,0.8157780191135747,0.5019738434413213,0.32132736044112986,1
277,0,1.3064315451520327,-0.6471414766488497,-0.37488136493147695,0.32132736044112986,0
278,0,1.3064315451520327,0.8157780191135747,0.5019738434413213,0.32132736044112986,1
279,0,1.3064315451520327,-0.6471414766488497,0.5019738434413213,0.32132736044112986,1
280,0,1.3064315451520327,0.8157780191135747,0.5019738434413213,0.32132736044112986,1
281,0,-1.3642812257769872,-0.6471414766488497,0.5019738434413213,0.32132736044112986,1
282,0,1.3064315451520327,0.8157780191135747,0.5019738434413213,0.32132736044112986,1
283,0,1.3064315451520327,0.8157780191135747,0.5019738434413213,0.32132736044112986,1
286,0,1.3064315451520327,0.8157780191135747,0.5019738434413213,-0.2636697053780041,1
287,0,1.3064315451520327,0.8157780191135747,0.5019738434413213,0.32132736044112986,1
288,0,1.3064315451520327,-0.6471414766488497,-0.37488136493147695,-0.2636697053780041,1
291,0,-1.3642812257769872,-0.6471414766488497,-0.37488136493147695,0.32132736044112986,0
293,0,-1.3642812257769872,-0.6471414766488497,-0.37488136493147695,-0.2636697053780041,0
294,0,1.3064315451520327,-0.6471414766488497,-0.37488136493147695,0.32132736044112986,0
295,0,-1.3642812257769872,-0.6471414766488497,-0.37488136493147695,-0.2636697053780041,0
296,0,-1.3642812257769872,-0.6471414766488497,-0.37488136493147695,0.32132736044112986,0
297,0,1.3064315451520327,-0.6471414766488497,-0.37488136493147695,-0.2636697053780041,1
298,0,1.3064315451520327,0.8157780191135747,-0.37488136493147695,-0.2636697053780041,1
299,0,1.3064315451520327,0.8157780191135747,0.5019738434413213,0.32132736044112986,1
300,0,-1.3642812257769872,-0.6471414766488497,-0.37488136493147695,0.32132736044112986,0
301,0,-1.3642812257769872,0.8157780191135747,0.5019738434413213,0.32132736044112986,1
302,0,1.3064315451520327,0.8157780191135747,0.5019738434413213,0.32132736044112986,1
303,0,-1.3642812257769872,0.8157780191135747,-0.37488136493147695,-0.2636697053780041,1
305,0,1.3064315451520327,0.8157780191135747,-0.37488136493147695,0.32132736044112986,1
306,0,1.3064315451520327,0.8157780191135747,0.5019738434413213,0.32132736044112986,1
307,0,1.3064315451520327,0.8157780191135747,0.5019738434413213,0.32132736044112986,1
308,0,1.3064315451520327,-0.6471414766488497,0.5019738434413213,0.32132736044112986,1
309,0,1.3064315451520327,0.8157780191135747,0.5019738434413213,0.32132736044112986,1
310,0,-1.3642812257769872,0.8157780191135747,0.5019738434413213,-0.2636697053780041,1
311,0,1.3064315451520327,0.8157780191135747,0.5019738434413213,0.32132736044112986,1
312,0,-1.3642812257769872,-0.6471414766488497,-0.37488136493147695,0.32132736044112986,0
313,0,1.3064315451520327,-0.6471414766488497,-0.37488136493147695,-0.2636697053780041,0
314,0,-1.3642812257769872,-0.6471414766488497,-0.37488136493147695,-0.2636697053780041,0
315,0,-1.3642812257769872,-0.6471414766488497,-0.37488136493147695,-0.2636697053780041,1
316,0,1.3064315451520327,0.8157780191135747,0.5019738434413213,0.32132736044112986,1
317,0,1.3064315451520327,0.8157780191135747,-0.37488136493147695,0.32132736044112986,1
318,0,-1.3642812257769872,-0.6471414766488497,-0.37488136493147695,-0.2636697053780041,1
319,0,-1.3642812257769872,-0.6471414766488497,-0.37488136493147695,-0.2636697053780041,0
320,0,1.3064315451520327,0.8157780191135747,0.5019738434413213,0.32132736044112986,1
321,0,1.3064315451520327,0.8157780191135747,0.5019738434413213,-0.2636697053780041,1
322,0,1.3064315451520327,0.8157780191135747,0.5019738434413213,0.32132736044112986,1
323,0,1.3064315451520327,0.8157780191135747,0.5019738434413213,0.32132736044112986,1
324,0,-1.3642812257769872,-0.6471414766488497,-0.37488136493147695,-0.2636697053780041,0
325,0,1.3064315451520327,0.8157780191135747,0.5019738434413213,0.32132736044112986,1
326,0,1.3064315451520327,-0.6471414766488497,-0.37488136493147695,-0.2636697053780041,0
327,0,1.3064315451520327,0.8157780191135747,0.5019738434413213,0.32132736044112986,1
328,0,1.3064315451520327,0.8157780191135747,0.5019738434413213,0.32132736044112986,1
329,0,-1.3642812257769872,0.8157780191135747,0.5019738434413213,-0.2636697053780041,0
330,0,-1.3642812257769872,-0.6471414766488497,-0.37488136493147695,0.32132736044112986,0
331,0,-1.3642812257769872,-0.6471414766488497,-0.37488136493147695,0.32132736044112986,1
332,0,-1.3642812257769872,-0.6471414766488497,-0.37488136493147695,-0.2636697053780041,0
333,0,1.3064315451520327,0.8157780191135747,0.5019738434413213,-0.2636697053780041,1
336,0,-1.3642812257769872,-0.6471414766488497,-0.37488136493147695,-0.2636697053780041,0
337,0,-1.3642812257769872,-0.6471414766488497,-0.37488136493147695,-0.2636697053780041,0
338,0,1.3064315451520327,-0.6471414766488497,0.5019738434413213,0.32132736044112986,1
339,0,1.3064315451520327,0.8157780191135747,0.5019738434413213,0.32132736044112986,1
340,0,1.3064315451520327,-0.6471414766488497,-0.37488136493147695,-0.2636697053780041,1
341,0,1.3064315451520327,0.8157780191135747,0.5019738434413213,0.32132736044112986,1
342,0,1.3064315451520327,0.8157780191135747,-0.37488136493147695,-0.2636697053780041,1
343,0,-1.3642812257769872,-0.6471414766488497,-0.37488136493147695,-0.2636697053780041,0
344,0,-1.3642812257769872,-0.6471414766488497,-0.37488136493147695,0.32132736044112986,0
345,0,1.3064315451520327,0.8157780191135747,0.5019738434413213,0.32132736044112986,1
346,0,-1.3642812257769872,-0.6471414766488497,-0.37488136493147695,0.32132736044112986,0
347,0,-1.3642812257769872,-0.6471414766488497,-0.37488136493147695,-0.2636697053780041,1
348,0,-1.3642812257769872,-0.6471414766488497,-0.37488136493147695,-0.2636697053780041,1
349,0,1.3064315451520327,0.8157780191135747,-0.37488136493147695,-0.2636697053780041,1
350,0,-1.3642812257769872,-0.6471414766488497,-0.37488136493147695,-0.2636697053780041,0
351,0,-1.3642812257769872,-0.6471414766488497,-0.37488136493147695,-0.2636697053780041,0
352,0,1.3064315451520327,0.8157780191135747,-0.37488136493147695,-0.2636697053780041,0
353,0,1.3064315451520327,0.8157780191135747,-0.37488136493147695,-0.2636697053780041,1
354,0,-1.3642812257769872,-0.6471414766488497,0.5019738434413213,0.32132736044112986,0
355,0,-1.3642812257769872,-0.6471414766488497,0.5019738434413213,-0.2636697053780041,0
356,0,-1.3642812257769872,-0.6471414766488497,-0.37488136493147695,0.32132736044112986,0
357,0,1.3064315451520327,0.8157780191135747,0.5019738434413213,-0.2636697053780041,1
358,0,1.3064315451520327,-0.6471414766488497,-0.37488136493147695,-0.2636697053780041,0
359,0,1.3064315451520327,0.8157780191135747,0.5019738434413213,0.32132736044112986,1
360,0,1.3064315451520327,-0.6471414766488497,0.5019738434413213,0.32132736044112986,1
361,0,-1.3642812257769872,0.8157780191135747,0.5019738434413213,0.32132736044112986,1
362,0,1.3064315451520327,0.8157780191135747,0.5019738434413213,0.32132736044112986,1
363,0,-1.3642812257769872,-0.6471414766488497,-0.37488136493147695,-0.2636697053780041,1
364,0,1.3064315451520327,0.8157780191135747,0.5019738434413213,-0.2636697053780041,1
368,0,1.3064315451520327,0.8157780191135747,0.5019738434413213,0.32132736044112986,1
369,0,1.3064315451520327,-0.6471414766488497,-0.37488136493147695,-0.2636697053780041,1
370,0,-1.3642812257769872,-0.6471414766488497,-0.37488136493147695,-0.2636697053780041,1
371,0,-1.3642812257769872,-0.6471414766488497,-0.37488136493147695,-0.2636697053780041,0
372,0,1.3064315451520327,0.8157780191135747,0.5019738434413213,0.32132736044112986,1
373,0,-1.3642812257769872,-0.6471414766488497,-0.37488136493147695,-0.2636697053780041,0
374,0,-1.3642812257769872,-0.6471414766488497,-0.37488136493147695,-0.2636697053780041,0
376,0,1.3064315451520327,0.8157780191135747,0.5019738434413213,-0.2636697053780041,1
377,0,1.3064315451520327,-0.6471414766488497,-0.37488136493147695,0.32132736044112986,1
378,0,1.3064315451520327,0.8157780191135747,0.5019738434413213,0.32132736044112986,1
379,0,0.0,0.8157780191135747,-0.37488136493147695,0.32132736044112986,1
380,0,-1.3642812257769872,0.8157780191135747,-0.37488136493147695,0.32132736044112986,0
381,0,1.3064315451520327,-0.6471414766488497,-0.37488136493147695,-0.2636697053780041,1
382,0,1.3064315451520327,0.8157780191135747,0.5019738434413213,0.32132736044112986,1
383,0,1.3064315451520327,-0.6471414766488497,-0.37488136493147695,-0.2636697053780041,1
384,0,1.3064315451520327,-0.6471414766488497,-0.37488136493147695,-0.2636697053780041,1
386,0,1.3064315451520327,0.8157780191135747,-0.37488136493147695,-0.2636697053780041,1
387,0,1.3064315451520327,0.8157780191135747,0.5019738434413213,-0.2636697053780041,1
388,0,1.3064315451520327,0.8157780191135747,0.5019738434413213,-0.2636697053780041,1
389,0,-1.3642812257769872,-0.6471414766488497,0.5019738434413213,0.32132736044112986,1
390,0,-1.3642812257769872,-0.6471414766488497,-0.37488136493147695,-0.2636697053780041,0
391,0,1.3064315451520327,0.8157780191135747,0.5019738434413213,0.32132736044112986,1
392,0,-1.3642812257769872,-0.6471414766488497,-0.37488136493147695,-0.2636697053780041,0
393,0,-1.3642812257769872,-0.6471414766488497,0.5019738434413213,0.32132736044112986,0
394,0,1.3064315451520327,0.8157780191135747,0.5019738434413213,0.32132736044112986,1
395,0,1.3064315451520327,0.8157780191135747,-0.37488136493147695,-0.2636697053780041,1
396,0,-1.3642812257769872,-0.6471414766488497,-0.37488136493147695,-0.2636697053780041,0
398,0,1.3064315451520327,0.8157780191135747,0.5019738434413213,0.32132736044112986,1
399,0,-1.3642812257769872,-0.6471414766488497,-0.37488136493147695,-0.2636697053780041,0
401,0,-1.3642812257769872,0.8157780191135747,0.5019738434413213,0.32132736044112986,0
402,0,1.3064315451520327,0.8157780191135747,-0.37488136493147695,-0.2636697053780041,1
403,0,-1.3642812257769872,-0.6471414766488497,0.5019738434413213,0.32132736044112986,1
404,0,1.3064315451520327,0.8157780191135747,-0.37488136493147695,-0.2636697053780041,1
405,0,-1.3642812257769872,-0.6471414766488497,-0.37488136493147695,0.32132736044112986,1
406,0,1.3064315451520327,-0.6471414766488497,-0.37488136493147695,0.32132736044112986,1
407,0,1.3064315451520327,-0.6471414766488497,-0.37488136493147695,-0.2636697053780041,1
408,0,1.3064315451520327,0.8157780191135747,0.5019738434413213,0.32132736044112986,1
409,0,-1.3642812257769872,-0.6471414766488497,-0.37488136493147695,-0.2636697053780041,0
410,0,1.3064315451520327,0.8157780191135747,0.5019738434413213,0.32132736044112986,1
411,0,1.3064315451520327,0.8157780191135747,0.5019738434413213,0.32132736044112986,1
412,0,1.3064315451520327,-0.6471414766488497,-0.37488136493147695,-0.2636697053780041,1
413,0,1.3064315451520327,0.8157780191135747,0.5019738434413213,0.32132736044112986,0
414,0,-1.3642812257769872,0.8157780191135747,-0.37488136493147695,-0.2636697053780041,1
415,0,1.3064315451520327,-0.6471414766488497,-0.37488136493147695,-0.2636697053780041,1
416,0,1.3064315451520327,0.8157780191135747,0.5019738434413213,0.32132736044112986,1
417,0,1.3064315451520327,0.8157780191135747,-0.37488136493147695,0.32132736044112986,1
418,0,-1.3642812257769872,-0.6471414766488497,0.5019738434413213,0.32132736044112986,0
419,0,1.3064315451520327,0.8157780191135747,-0.37488136493147695,-0.2636697053780041,1
420,0,-1.3642812257769872,-0.6471414766488497,-0.37488136493147695,-0.2636697053780041,1
422,0,-1.3642812257769872,0.8157780191135747,0.5019738434413213,0.32132736044112986,1
424,0,1.3064315451520327,0.8157780191135747,-0.37488136493147695,-0.2636697053780041,1
425,0,1.3064315451520327,-0.6471414766488497,-0.37488136493147695,-0.2636697053780041,1
426,0,-1.3642812257769872,-0.6471414766488497,-0.37488136493147695,-0.2636697053780041,0
427,0,1.3064315451520327,0.8157780191135747,-0.37488136493147695,0.32132736044112986,1
428,0,-1.3642812257769872,-0.6471414766488497,-0.37488136493147695,-0.2636697053780041,0
429,0,-1.3642812257769872,0.8157780191135747,0.5019738434413213,0.32132736044112986,0
430,0,-1.3642812257769872,0.8157780191135747,0.5019738434413213,-0.2636697053780041,0
431,0,1.3064315451520327,0.8157780191135747,0.5019738434413213,0.32132736044112986,1
432,0,-1.3642812257769872,-0.6471414766488497,-0.37488136493147695,-0.2636697053780041,0
433,0,1.3064315451520327,-0.6471414766488497,-0.37488136493147695,-0.2636697053780041,1
434,0,1.3064315451520327,0.8157780191135747,0.5019738434413213,0.32132736044112986,1
435,0,1.3064315451520327,0.8157780191135747,0.5019738434413213,0.32132736044112986,1
436,0,1.3064315451520327,0.8157780191135747,-0.37488136493147695,-0.2636697053780041,1
437,0,-1.3642812257769872,-0.6471414766488497,-0.37488136493147695,0.32132736044112986,1
439,0,1.3064315451520327,0.8157780191135747,0.5019738434413213,0.32132736044112986,1
440,0,-1.3642812257769872,-0.6471414766488497,-0.37488136493147695,-0.2636697053780041,0
441,0,1.3064315451520327,0.8157780191135747,0.5019738434413213,0.32132736044112986,1
442,0,-1.3642812257769872,-0.6471414766488497,0.5019738434413213,0.32132736044112986,1
443,0,-1.3642812257769872,-0.6471414766488497,-0.37488136493147695,-0.2636697053780041,0
445,0,1.3064315451520327,-0.6471414766488497,-0.37488136493147695,-0.2636697053780041,1
446,0,-1.3642812257769872,-0.6471414766488497,-0.37488136493147695,-0.2636697053780041,1
447,0,1.3064315451520327,0.8157780191135747,0.5019738434413213,0.32132736044112986,1
449,0,1.3064315451520327,0.8157780191135747,0.5019738434413213,0.32132736044112986,1
450,0,1.3064315451520327,0.8157780191135747,0.5019738434413213,0.32132736044112986,1
451,0,-1.3642812257769872,0.8157780191135747,0.5019738434413213,0.32132736044112986,1
452,0,1.3064315451520327,0.8157780191135747,0.5019738434413213,0.32132736044112986,1
453,0,-1.3642812257769872,-0.6471414766488497,0.5019738434413213,-0.2636697053780041,1
454,0,-1.3642812257769872,-0.6471414766488497,-0.37488136493147695,0.32132736044112986,0
455,0,1.3064315451520327,-0.6471414766488497,0.5019738434413213,0.32132736044112986,1
457,0,-1.3642812257769872,-0.6471414766488497,-0.37488136493147695,-0.2636697053780041,0
458,0,1.3064315451520327,-0.6471414766488497,-0.37488136493147695,-0.2636697053780041,1
459,0,1.3064315451520327,0.8157780191135747,-0.37488136493147695,-0.2636697053780041,1
460,0,1.3064315451520327,-0.6471414766488497,0.5019738434413213,0.32132736044112986,0
461,0,1.3064315451520327,0.8157780191135747,0.5019738434413213,0.32132736044112986,1
462,0,1.3064315451520327,0.8157780191135747,0.5019738434413213,0.32132736044112986,1
463,0,1.3064315451520327,0.8157780191135747,0.5019738434413213,0.32132736044112986,1
464,0,1.3064315451520327,0.8157780191135747,0.5019738434413213,0.32132736044112986,1
465,0,1.3064315451520327,-0.6471414766488497,0.5019738434413213,0.32132736044112986,1
466,0,-1.3642812257769872,-0.6471414766488497,-0.37488136493147695,0.32132736044112986,0
467,0,-1.3642812257769872,0.8157780191135747,-0.37488136493147695,-0.2636697053780041,1
468,0,1.3064315451520327,-0.6471414766488497,-0.37488136493147695,0.32132736044112986,1
469,0,1.3064315451520327,0.8157780191135747,0.5019738434413213,0.32132736044112986,1
470,0,1.3064315451520327,0.8157780191135747,-0.37488136493147695,-0.2636697053780041,1
471,0,1.3064315451520327,-0.6471414766488497,-0.37488136493147695,-0.2636697053780041,1
472,0,1.3064315451520327,0.8157780191135747,0.5019738434413213,0.32132736044112986,1
473,0,1.3064315451520327,0.8157780191135747,0.5019738434413213,-0.2636697053780041,0
474,0,1.3064315451520327,-0.6471414766488497,-0.37488136493147695,-0.2636697053780041,1
475,0,1.3064315451520327,0.8157780191135747,-0.37488136493147695,-0.2636697053780041,1
476,0,-1.3642812257769872,-0.6471414766488497,-0.37488136493147695,0.32132736044112986,0
477,0,1.3064315451520327,-0.6471414766488497,0.5019738434413213,0.32132736044112986,1
478,0,1.3064315451520327,0.8157780191135747,-0.37488136493147695,-0.2636697053780041,1
479,0,1.3064315451520327,0.8157780191135747,0.5019738434413213,0.32132736044112986,1
481,0,-1.3642812257769872,0.8157780191135747,-0.37488136493147695,0.32132736044112986,1
482,0,-1.3642812257769872,-0.6471414766488497,-0.37488136493147695,-0.2636697053780041,1
483,0,-1.3642812257769872,-0.6471414766488497,-0.37488136493147695,0.32132736044112986,0
484,0,1.3064315451520327,-0.6471414766488497,-0.37488136493147695,-0.2636697053780041,0
485,0,1.3064315451520327,-0.6471414766488497,-0.37488136493147695,-0.2636697053780041,1
486,0,1.3064315451520327,-0.6471414766488497,-0.37488136493147695,0.32132736044112986,1
487,0,1.3064315451520327,0.8157780191135747,-0.37488136493147695,-0.2636697053780041,1
488,0,1.3064315451520327,-0.6471414766488497,-0.37488136493147695,-0.2636697053780041,1
489,0,1.3064315451520327,-0.6471414766488497,-0.37488136493147695,-0.2636697053780041,1
492,0,1.3064315451520327,0.8157780191135747,-0.37488136493147695,-0.2636697053780041,1
493,0,1.3064315451520327,0.8157780191135747,-0.37488136493147695,0.32132736044112986,1
494,0,-1.3642812257769872,0.8157780191135747,0.5019738434413213,-0.2636697053780041,0
495,0,1.3064315451520327,0.8157780191135747,-0.37488136493147695,-0.2636697053780041,1
496,0,1.3064315451520327,0.8157780191135747,0.5019738434413213,0.32132736044112986,1
497,0,1.3064315451520327,-0.6471414766488497,-0.37488136493147695,-0.2636697053780041,1
498,0,1.3064315451520327,0.8157780191135747,0.5019738434413213,0.32132736044112986,1
500,0,-1.3642812257769872,0.8157780191135747,0.5019738434413213,-0.2636697053780041,1
501,0,1.3064315451520327,0.8157780191135747,0.5019738434413213,0.32132736044112986,1
502,0,1.3064315451520327,0.8157780191135747,0.5019738434413213,0.32132736044112986,1
503,0,1.3064315451520327,0.8157780191135747,-0.37488136493147695,0.32132736044112986,1
504,0,1.3064315451520327,0.8157780191135747,-0.37488136493147695,-0.2636697053780041,1
505,0,-1.3642812257769872,-0.6471414766488497,-0.37488136493147695,-0.2636697053780041,0
507,0,1.3064315451520327,-0.6471414766488497,-0.37488136493147695,-0.2636697053780041,0
508,0,-1.3642812257769872,-0.6471414766488497,-0.37488136493147695,-0.2636697053780041,0
510,0,1.3064315451520327,-0.6471414766488497,-0.37488136493147695,-0.2636697053780041,1
512,0,-1.3642812257769872,-0.6471414766488497,-0.37488136493147695,-0.2636697053780041,0
513,0,-1.3642812257769872,-0.6471414766488497,-0.37488136493147695,-0.2636697053780041,0
514,0,1.3064315451520327,-0.6471414766488497,0.5019738434413213,0.32132736044112986,1
516,0,-1.3642812257769872,-0.6471414766488497,-0.37488136493147695,-0.2636697053780041,1
517,0,1.3064315451520327,-0.6471414766488497,-0.37488136493147695,-0.2636697053780041,1
518,0,1.3064315451520327,0.8157780191135747,0.5019738434413213,-0.2636697053780041,1
519,0,1.3064315451520327,0.8157780191135747,0.5019738434413213,0.32132736044112986,1
521,0,1.3064315451520327,0.8157780191135747,-0.37488136493147695,-0.2636697053780041,1
522,0,1.3064315451520327,0.8157780191135747,0.5019738434413213,-0.2636697053780041,1
523,0,1.3064315451520327,-0.6471414766488497,-0.37488136493147695,-0.2636697053780041,1
524,0,-1.3642812257769872,0.8157780191135747,0.5019738434413213,-0.2636697053780041,0
525,0,-1.3642812257769872,-0.6471414766488497,0.5019738434413213,0.32132736044112986,0
526,0,-1.3642812257769872,0.8157780191135747,0.5019738434413213,0.32132736044112986,0
528,0,-1.3642812257769872,-0.6471414766488497,-0.37488136493147695,-0.2636697053780041,0
529,0,1.3064315451520327,0.8157780191135747,0.5019738434413213,0.32132736044112986,1
530,0,1.3064315451520327,-0.6471414766488497,-0.37488136493147695,-0.2636697053780041,0
532,0,1.3064315451520327,-0.6471414766488497,-0.37488136493147695,0.32132736044112986,1
533,0,1.3064315451520327,-0.6471414766488497,0.5019738434413213,-0.2636697053780041,0
534,0,1.3064315451520327,0.8157780191135747,0.5019738434413213,0.32132736044112986,1
535,0,1.3064315451520327,0.8157780191135747,0.5019738434413213,0.32132736044112986,1
536,0,1.3064315451520327,0.8157780191135747,0.5019738434413213,-0.2636697053780041,1
537,0,1.3064315451520327,0.8157780191135747,0.5019738434413213,0.32132736044112986,1
538,0,1.3064315451520327,-0.6471414766488497,0.5019738434413213,-0.2636697053780041,1
539,0,1.3064315451520327,0.8157780191135747,0.5019738434413213,-0.2636697053780041,0
542,0,1.3064315451520327,0.8157780191135747,0.5019738434413213,0.32132736044112986,1
543,0,-1.3642812257769872,-0.6471414766488497,-0.37488136493147695,-0.2636697053780041,0
544,0,1.3064315451520327,0.8157780191135747,0.5019738434413213,0.32132736044112986,1
545,0,1.3064315451520327,0.8157780191135747,0.5019738434413213,0.32132736044112986,0
546,0,-1.3642812257769872,-0.6471414766488497,-0.37488136493147695,-0.2636697053780041,0
547,0,-1.3642812257769872,0.8157780191135747,0.5019738434413213,0.32132736044112986,0
548,0,1.3064315451520327,-0.6471414766488497,0.5019738434413213,0.32132736044112986,1
549,0,1.3064315451520327,0.8157780191135747,0.5019738434413213,0.32132736044112986,1
550,0,1.3064315451520327,0.8157780191135747,0.5019738434413213,0.32132736044112986,0
551,0,1.3064315451520327,0.8157780191135747,0.5019738434413213,0.32132736044112986,1
552,0,-1.3642812257769872,-0.6471414766488497,-0.37488136493147695,-0.2636697053780041,0
553,0,-1.3642812257769872,-0.6471414766488497,0.5019738434413213,0.32132736044112986,0
554,0,1.3064315451520327,0.8157780191135747,0.5019738434413213,-0.2636697053780041,1
555,0,1.3064315451520327,0.8157780191135747,0.5019738434413213,0.32132736044112986,1
556,0,1.3064315451520327,0.8157780191135747,0.5019738434413213,0.32132736044112986,0
557,0,-1.3642812257769872,-0.6471414766488497,-0.37488136493147695,-0.2636697053780041,1
558,0,1.3064315451520327,0.8157780191135747,-0.37488136493147695,-0.2636697053780041,1
559,0,-1.3642812257769872,-0.6471414766488497,-0.37488136493147695,-0.2636697053780041,1
560,0,1.3064315451520327,0.8157780191135747,0.5019738434413213,0.32132736044112986,1
561,0,-1.3642812257769872,-0.6471414766488497,-0.37488136493147695,-0.2636697053780041,0
562,0,1.3064315451520327,0.8157780191135747,0.5019738434413213,-0.2636697053780041,1
563,0,1.3064315451520327,0.8157780191135747,0.5019738434413213,0.32132736044112986,1
564,0,1.3064315451520327,-0.6471414766488497,-0.37488136493147695,0.32132736044112986,1
565,0,1.3064315451520327,0.8157780191135747,0.5019738434413213,0.32132736044112986,1
568,0,-1.3642812257769872,0.8157780191135747,0.5019738434413213,0.32132736044112986,1
569,0,-1.3642812257769872,0.8157780191135747,0.5019738434413213,0.32132736044112986,0
570,0,1.3064315451520327,-0.6471414766488497,-0.37488136493147695,-0.2636697053780041,1
571,0,1.3064315451520327,0.8157780191135747,-0.37488136493147695,-0.2636697053780041,0
572,0,-1.3642812257769872,-0.6471414766488497,-0.37488136493147695,0.32132736044112986,0
573,0,1.3064315451520327,0.8157780191135747,-0.37488136493147695,-0.2636697053780041,1
574,0,1.3064315451520327,0.8157780191135747,0.5019738434413213,0.32132736044112986,1
575,0,1.3064315451520327,0.8157780191135747,0.5019738434413213,-0.2636697053780041,1
576,0,1.3064315451520327,-0.6471414766488497,-0.37488136493147695,-0.2636697053780041,0
577,0,-1.3642812257769872,-0.6471414766488497,0.5019738434413213,0.32132736044112986,0
578,0,1.3064315451520327,0.8157780191135747,0.5019738434413213,0.32132736044112986,1
579,0,-1.3642812257769872,-0.6471414766488497,-0.37488136493147695,0.32132736044112986,0
580,0,1.3064315451520327,-0.6471414766488497,-0.37488136493147695,-0.2636697053780041,1
581,0,1.3064315451520327,-0.6471414766488497,-0.37488136493147695,-0.2636697053780041,1
582,0,1.3064315451520327,-0.6471414766488497,-0.37488136493147695,0.32132736044112986,1
584,0,1.3064315451520327,-0.6471414766488497,-0.37488136493147695,-0.2636697053780041,1
585,0,1.3064315451520327,-0.6471414766488497,-0.37488136493147695,-0.2636697053780041,0
586,0,-1.3642812257769872,0.8157780191135747,0.5019738434413213,-0.2636697053780041,0
588,0,1.3064315451520327,0.8157780191135747,0.5019738434413213,0.32132736044112986,1
589,0,-1.3642812257769872,0.8157780191135747,0.5019738434413213,0.32132736044112986,0
590,0,1.3064315451520327,0.8157780191135747,-0.37488136493147695,-0.2636697053780041,1
591,0,-1.3642812257769872,-0.6471414766488497,-0.37488136493147695,-0.2636697053780041,0
592,0,1.3064315451520327,-0.6471414766488497,-0.37488136493147695,0.32132736044112986,1
593,0,-1.3642812257769872,-0.6471414766488497,0.5019738434413213,0.32132736044112986,1
594,0,-1.3642812257769872,-0.6471414766488497,-0.37488136493147695,-0.2636697053780041,0
596,0,1.3064315451520327,-0.6471414766488497,-0.37488136493147695,0.32132736044112986,1
597,0,-1.3642812257769872,-0.6471414766488497,-0.37488136493147695,-0.2636697053780041,1
598,0,1.3064315451520327,-0.6471414766488497,-0.37488136493147695,-0.2636697053780041,1
599,0,1.3064315451520327,-0.6471414766488497,-0.37488136493147695,-0.2636697053780041,0
600,0,1.3064315451520327,-0.6471414766488497,-0.37488136493147695,-0.2636697053780041,1
601,0,1.3064315451520327,-0.6471414766488497,-0.37488136493147695,-0.2636697053780041,1
602,0,1.3064315451520327,-0.6471414766488497,-0.37488136493147695,-0.2636697053780041,1
603,0,1.3064315451520327,-0.6471414766488497,-0.37488136493147695,-0.2636697053780041,1
604,0,1.3064315451520327,-0.6471414766488497,-0.37488136493147695,-0.2636697053780041,1
605,0,1.3064315451520327,0.8157780191135747,0.5019738434413213,0.32132736044112986,1
606,0,1.3064315451520327,0.8157780191135747,-0.37488136493147695,-0.2636697053780041,1
607,0,-1.3642812257769872,-0.6471414766488497,-0.37488136493147695,-0.2636697053780041,1
608,0,-1.3642812257769872,-0.6471414766488497,-0.37488136493147695,-0.2636697053780041,0
609,0,1.3064315451520327,0.8157780191135747,0.5019738434413213,0.32132736044112986,1
610,0,-1.3642812257769872,-0.6471414766488497,-0.37488136493147695,-0.2636697053780041,0
611,0,-1.3642812257769872,0.8157780191135747,-0.37488136493147695,-0.2636697053780041,0
612,0,1.3064315451520327,-0.6471414766488497,-0.37488136493147695,-0.2636697053780041,1
613,0,-1.3642812257769872,-0.6471414766488497,-0.37488136493147695,-0.2636697053780041,1
614,0,-1.3642812257769872,-0.6471414766488497,-0.37488136493147695,0.32132736044112986,0
615,0,1.3064315451520327,-0.6471414766488497,0.5019738434413213,0.32132736044112986,1
616,0,1.3064315451520327,0.8157780191135747,-0.37488136493147695,0.32132736044112986,1
617,0,1.3064315451520327,0.8157780191135747,-0.37488136493147695,-0.2636697053780041,1
618,0,-1.3642812257769872,-0.6471414766488497,-0.37488136493147695,-0.2636697053780041,1
619,0,-1.3642812257769872,-0.6471414766488497,-0.37488136493147695,-0.2636697053780041,0
620,0,1.3064315451520327,0.8157780191135747,0.5019738434413213,0.32132736044112986,1
621,0,-1.3642812257769872,-0.6471414766488497,-0.37488136493147695,-0.2636697053780041,0
622,0,-1.3642812257769872,0.8157780191135747,-0.37488136493147695,-0.2636697053780041,0
623,0,-1.3642812257769872,-0.6471414766488497,0.5019738434413213,0.32132736044112986,1
624,0,1.3064315451520327,0.8157780191135747,0.5019738434413213,0.32132736044112986,1
625,0,1.3064315451520327,-0.6471414766488497,-0.37488136493147695,-0.2636697053780041,1
626,0,-1.3642812257769872,-0.6471414766488497,-0.37488136493147695,-0.2636697053780041,1
627,0,1.3064315451520327,0.8157780191135747,0.5019738434413213,0.32132736044112986,1
628,0,1.3064315451520327,0.8157780191135747,0.5019738434413213,0.32132736044112986,1
629,0,1.3064315451520327,-0.6471414766488497,-0.37488136493147695,-0.2636697053780041,1
630,0,-1.3642812257769872,-0.6471414766488497,-0.37488136493147695,-0.2636697053780041,0
631,0,-1.3642812257769872,-0.6471414766488497,-0.37488136493147695,-0.2636697053780041,0
632,0,-1.3642812257769872,-0.6471414766488497,-0.37488136493147695,-0.2636697053780041,0
633,0,-1.3642812257769872,-0.6471414766488497,-0.37488136493147695,-0.2636697053780041,0
634,0,1.3064315451520327,0.8157780191135747,-0.37488136493147695,-0.2636697053780041,1
636,0,1.3064315451520327,0.8157780191135747,0.5019738434413213,0.32132736044112986,1
637,0,1.3064315451520327,0.8157780191135747,0.5019738434413213,0.32132736044112986,1
638,0,1.3064315451520327,0.8157780191135747,-0.37488136493147695,-0.2636697053780041,1
639,0,1.3064315451520327,0.8157780191135747,0.5019738434413213,0.32132736044112986,1
641,0,-1.3642812257769872,0.8157780191135747,0.5019738434413213,0.32132736044112986,0
642,0,1.3064315451520327,0.8157780191135747,0.5019738434413213,0.32132736044112986,1
643,0,-1.3642812257769872,-0.6471414766488497,-0.37488136493147695,-0.2636697053780041,0
644,0,-1.3642812257769872,0.8157780191135747,0.5019738434413213,-0.2636697053780041,1
645,0,1.3064315451520327,0.8157780191135747,0.5019738434413213,0.32132736044112986,1
646,0,-1.3642812257769872,-0.6471414766488497,-0.37488136493147695,-0.2636697053780041,1
647,0,-1.3642812257769872,-0.6471414766488497,-0.37488136493147695,-0.2636697053780041,1
648,0,1.3064315451520327,-0.6471414766488497,-0.37488136493147695,-0.2636697053780041,1
649,0,1.3064315451520327,-0.6471414766488497,-0.37488136493147695,0.32132736044112986,1
650,0,1.3064315451520327,-0.6471414766488497,-0.37488136493147695,-0.2636697053780041,1
651,0,1.3064315451520327,0.8157780191135747,0.5019738434413213,0.32132736044112986,1
652,0,-1.3642812257769872,-0.6471414766488497,-0.37488136493147695,-0.2636697053780041,0
653,0,1.3064315451520327,-0.6471414766488497,-0.37488136493147695,-0.2636697053780041,1
654,0,1.3064315451520327,0.8157780191135747,-0.37488136493147695,-0.2636697053780041,0
655,0,1.3064315451520327,-0.6471414766488497,-0.37488136493147695,-0.2636697053780041,1
656,0,-1.3642812257769872,0.8157780191135747,0.5019738434413213,0.32132736044112986,0
657,0,1.3064315451520327,-0.6471414766488497,-0.37488136493147695,-0.2636697053780041,0
658,0,1.3064315451520327,-0.6471414766488497,-0.37488136493147695,-0.2636697053780041,1
659,0,1.3064315451520327,0.8157780191135747,-0.37488136493147695,-0.2636697053780041,1
660,0,1.3064315451520327,0.8157780191135747,0.5019738434413213,0.32132736044112986,1
661,0,-1.3642812257769872,-0.6471414766488497,-0.37488136493147695,-0.2636697053780041,0
662,0,-1.3642812257769872,-0.6471414766488497,-0.37488136493147695,0.32132736044112986,0
664,0,1.3064315451520327,0.8157780191135747,0.5019738434413213,0.32132736044112986,1
665,0,1.3064315451520327,0.8157780191135747,0.5019738434413213,0.32132736044112986,1
666,0,-1.3642812257769872,-0.6471414766488497,-0.37488136493147695,-0.2636697053780041,0
667,0,-1.3642812257769872,-0.6471414766488497,-0.37488136493147695,-0.2636697053780041,0
668,0,1.3064315451520327,0.8157780191135747,-0.37488136493147695,0.32132736044112986,1
669,0,-1.3642812257769872,-0.6471414766488497,-0.37488136493147695,0.32132736044112986,0
670,0,-1.3642812257769872,-0.6471414766488497,0.5019738434413213,-0.2636697053780041,1
671,0,1.3064315451520327,0.8157780191135747,-0.37488136493147695,-0.2636697053780041,1
672,0,1.3064315451520327,0.8157780191135747,0.5019738434413213,0.32132736044112986,1
673,0,-1.3642812257769872,-0.6471414766488497,-0.37488136493147695,-0.2636697053780041,1
674,0,1.3064315451520327,0.8157780191135747,0.5019738434413213,0.32132736044112986,1
675,0,1.3064315451520327,0.8157780191135747,0.5019738434413213,0.32132736044112986,1
676,0,1.3064315451520327,0.8157780191135747,-0.37488136493147695,-0.2636697053780041,1
677,0,-1.3642812257769872,0.8157780191135747,0.5019738434413213,0.32132736044112986,0
679,0,-1.3642812257769872,-0.6471414766488497,-0.37488136493147695,-0.2636697053780041,1
681,0,1.3064315451520327,0.8157780191135747,0.5019738434413213,0.32132736044112986,0
682,0,-1.3642812257769872,0.8157780191135747,0.5019738434413213,0.32132736044112986,0
683,0,1.3064315451520327,0.8157780191135747,0.5019738434413213,0.32132736044112986,1
684,0,1.3064315451520327,0.8157780191135747,-0.37488136493147695,0.32132736044112986,1
685,0,1.3064315451520327,-0.6471414766488497,-0.37488136493147695,-0.2636697053780041,1
686,0,-1.3642812257769872,-0.6471414766488497,-0.37488136493147695,-0.2636697053780041,0
688,0,-1.3642812257769872,-0.6471414766488497,-0.37488136493147695,-0.2636697053780041,0
689,0,1.3064315451520327,0.8157780191135747,0.5019738434413213,0.32132736044112986,1
690,0,-1.3642812257769872,0.8157780191135747,0.5019738434413213,-0.2636697053780041,0
691,0,-1.3642812257769872,-0.6471414766488497,0.5019738434413213,0.32132736044112986,0
692,0,-1.3642812257769872,-0.6471414766488497,-0.37488136493147695,-0.2636697053780041,0
693,0,1.3064315451520327,0.8157780191135747,0.5019738434413213,-0.2636697053780041,1
694,0,1.3064315451520327,-0.6471414766488497,-0.37488136493147695,0.32132736044112986,1
695,0,-1.3642812257769872,0.8157780191135747,0.5019738434413213,0.32132736044112986,1
696,0,1.3064315451520327,-0.6471414766488497,-0.37488136493147695,-0.2636697053780041,1
697,0,-1.3642812257769872,0.8157780191135747,0.5019738434413213,-0.2636697053780041,0
698,0,1.3064315451520327,-0.6471414766488497,-0.37488136493147695,0.32132736044112986,0
699,0,1.3064315451520327,-0.6471414766488497,0.5019738434413213,0.32132736044112986,1
700,0,1.3064315451520327,0.8157780191135747,0.5019738434413213,0.32132736044112986,1
701,0,1.3064315451520327,0.8157780191135747,0.5019738434413213,0.32132736044112986,1
702,0,-1.3642812257769872,-0.6471414766488497,-0.37488136493147695,-0.2636697053780041,0
703,0,1.3064315451520327,0.8157780191135747,0.5019738434413213,0.32132736044112986,1
704,0,-1.3642812257769872,-0.6471414766488497,0.5019738434413213,0.32132736044112986,0
705,0,1.3064315451520327,0.8157780191135747,0.5019738434413213,-0.2636697053780041,1
706,0,1.3064315451520327,0.8157780191135747,-0.37488136493147695,-0.2636697053780041,0
707,0,1.3064315451520327,0.8157780191135747,-0.37488136493147695,-0.2636697053780041,1
708,0,1.3064315451520327,0.8157780191135747,0.5019738434413213,0.32132736044112986,1
709,0,-1.3642812257769872,-0.6471414766488497,-0.37488136493147695,-0.2636697053780041,0
710,0,-1.3642812257769872,-0.6471414766488497,-0.37488136493147695,-0.2636697053780041,0
711,0,-1.3642812257769872,-0.6471414766488497,-0.37488136493147695,-0.2636697053780041,1
712,0,-1.3642812257769872,-0.6471414766488497,-0.37488136493147695,0.32132736044112986,0
713,0,1.3064315451520327,0.8157780191135747,0.5019738434413213,0.32132736044112986,1
714,0,-1.3642812257769872,0.8157780191135747,0.5019738434413213,-0.2636697053780041,1
715,0,1.3064315451520327,-0.6471414766488497,-0.37488136493147695,-0.2636697053780041,1
716,0,-1.3642812257769872,-0.6471414766488497,-0.37488136493147695,-0.2636697053780041,0
717,0,1.3064315451520327,0.8157780191135747,0.5019738434413213,0.32132736044112986,0
718,0,-1.3642812257769872,0.8157780191135747,-0.37488136493147695,-0.2636697053780041,0
720,0,1.3064315451520327,0.8157780191135747,-0.37488136493147695,-0.2636697053780041,1
721,0,1.3064315451520327,0.8157780191135747,0.5019738434413213,0.32132736044112986,1
722,0,-1.3642812257769872,0.8157780191135747,0.5019738434413213,-0.2636697053780041,0
723,0,-1.3642812257769872,-0.6471414766488497,0.5019738434413213,-0.2636697053780041,0
724,0,-1.3642812257769872,-0.6471414766488497,-0.37488136493147695,-0.2636697053780041,0
725,0,-1.3642812257769872,-0.6471414766488497,-0.37488136493147695,-0.2636697053780041,0
726,0,-1.3642812257769872,-0.6471414766488497,-0.37488136493147695,0.32132736044112986,1
727,0,-1.3642812257769872,-0.6471414766488497,-0.37488136493147695,-0.2636697053780041,0
728,0,1.3064315451520327,0.8157780191135747,0.5019738434413213,0.32132736044112986,1
730,0,-1.3642812257769872,-0.6471414766488497,0.5019738434413213,0.32132736044112986,1
731,0,1.3064315451520327,0.8157780191135747,0.5019738434413213,-0.2636697053780041,1
732,0,-1.3642812257769872,-0.6471414766488497,-0.37488136493147695,0.32132736044112986,1
733,0,1.3064315451520327,0.8157780191135747,-0.37488136493147695,-0.2636697053780041,1
734,0,1.3064315451520327,-0.6471414766488497,-0.37488136493147695,0.32132736044112986,1
735,0,-1.3642812257769872,0.8157780191135747,0.5019738434413213,0.32132736044112986,0
737,0,1.3064315451520327,0.8157780191135747,0.5019738434413213,0.32132736044112986,1
739,0,1.3064315451520327,-0.6471414766488497,-0.37488136493147695,-0.2636697053780041,0
740,0,1.3064315451520327,0.8157780191135747,0.5019738434413213,-0.2636697053780041,1
741,0,1.3064315451520327,-0.6471414766488497,0.5019738434413213,0.32132736044112986,0
742,0,1.3064315451520327,-0.6471414766488497,-0.37488136493147695,-0.2636697053780041,1
743,0,-1.3642812257769872,-0.6471414766488497,-0.37488136493147695,0.32132736044112986,1
744,0,1.3064315451520327,0.8157780191135747,0.5019738434413213,-0.2636697053780041,0
745,0,-1.3642812257769872,-0.6471414766488497,0.5019738434413213,-0.2636697053780041,0
746,0,-1.3642812257769872,-0.6471414766488497,-0.37488136493147695,-0.2636697053780041,0
747,0,1.3064315451520327,0.8157780191135747,0.5019738434413213,0.32132736044112986,1
748,0,1.3064315451520327,0.8157780191135747,0.5019738434413213,0.32132736044112986,1
749,0,1.3064315451520327,0.8157780191135747,0.5019738434413213,0.32132736044112986,1
750,0,-1.3642812257769872,-0.6471414766488497,-0.37488136493147695,-0.2636697053780041,1
751,0,-1.3642812257769872,-0.6471414766488497,-0.37488136493147695,-0.2636697053780041,0
752,0,1.3064315451520327,0.8157780191135747,-0.37488136493147695,-0.2636697053780041,1
753,0,1.3064315451520327,-0.6471414766488497,-0.37488136493147695,-0.2636697053780041,1
755,0,-1.3642812257769872,-0.6471414766488497,-0.37488136493147695,-0.2636697053780041,0
756,0,-1.3642812257769872,-0.6471414766488497,-0.37488136493147695,-0.2636697053780041,0
757,0,-1.3642812257769872,0.8157780191135747,0.5019738434413213,-0.2636697053780041,0
759,0,-1.3642812257769872,-0.6471414766488497,0.5019738434413213,0.32132736044112986,0
760,0,-1.3642812257769872,-0.6471414766488497,-0.37488136493147695,0.32132736044112986,0
761,0,1.3064315451520327,0.8157780191135747,-0.37488136493147695,-0.2636697053780041,1
762,0,1.3064315451520327,0.8157780191135747,0.5019738434413213,0.32132736044112986,1
763,0,-1.3642812257769872,-0.6471414766488497,-0.37488136493147695,-0.2636697053780041,1
765,0,1.3064315451520327,0.8157780191135747,0.5019738434413213,0.32132736044112986,1
766,0,-1.3642812257769872,-0.6471414766488497,-0.37488136493147695,-0.2636697053780041,0
767,0,1.3064315451520327,0.8157780191135747,0.5019738434413213,0.32132736044112986,1
768,0,-1.3642812257769872,-0.6471414766488497,-0.37488136493147695,-0.2636697053780041,1
769,0,1.3064315451520327,-0.6471414766488497,-0.37488136493147695,-0.2636697053780041,1
770,0,-1.3642812257769872,-0.6471414766488497,0.5019738434413213,-0.2636697053780041,0
772,0,-1.3642812257769872,0.8157780191135747,-0.37488136493147695,0.32132736044112986,1
773,0,1.3064315451520327,0.8157780191135747,0.5019738434413213,0.32132736044112986,1
774,0,-1.3642812257769872,-0.6471414766488497,-0.37488136493147695,-0.2636697053780041,0
776,0,1.3064315451520327,0.8157780191135747,-0.37488136493147695,-0.2636697053780041,1
777,0,1.3064315451520327,0.8157780191135747,-0.37488136493147695,-0.2636697053780041,1
780,0,1.3064315451520327,0.8157780191135747,-0.37488136493147695,-0.2636697053780041,1
781,0,-1.3642812257769872,0.8157780191135747,0.5019738434413213,-0.2636697053780041,0
782,0,1.3064315451520327,0.8157780191135747,0.5019738434413213,0.32132736044112986,1
783,0,-1.3642812257769872,-0.6471414766488497,-0.37488136493147695,0.32132736044112986,0
785,0,-1.3642812257769872,-0.6471414766488497,-0.37488136493147695,-0.2636697053780041,0
786,0,1.3064315451520327,-0.6471414766488497,-0.37488136493147695,-0.2636697053780041,0
788,0,-1.3642812257769872,-0.6471414766488497,0.5019738434413213,-0.2636697053780041,0
790,0,-1.3642812257769872,-0.6471414766488497,-0.37488136493147695,-0.2636697053780041,0
791,0,-1.3642812257769872,-0.6471414766488497,0.5019738434413213,0.32132736044112986,0
792,0,1.3064315451520327,-0.6471414766488497,0.5019738434413213,0.32132736044112986,1
793,0,-1.3642812257769872,-0.6471414766488497,-0.37488136493147695,-0.2636697053780041,0
794,0,1.3064315451520327,0.8157780191135747,0.5019738434413213,0.32132736044112986,1
796,0,1.3064315451520327,-0.6471414766488497,-0.37488136493147695,-0.2636697053780041,0
797,0,-1.3642812257769872,-0.6471414766488497,-0.37488136493147695,-0.2636697053780041,0
799,0,1.3064315451520327,0.8157780191135747,-0.37488136493147695,-0.2636697053780041,1
800,0,1.3064315451520327,0.8157780191135747,-0.37488136493147695,0.32132736044112986,1
801,0,-1.3642812257769872,-0.6471414766488497,-0.37488136493147695,-0.2636697053780041,0
802,0,-1.3642812257769872,-0.6471414766488497,-0.37488136493147695,-0.2636697053780041,0
803,0,1.3064315451520327,-0.6471414766488497,-0.37488136493147695,-0.2636697053780041,1
804,0,1.3064315451520327,0.8157780191135747,-0.37488136493147695,-0.2636697053780041,1
806,0,1.3064315451520327,0.8157780191135747,0.5019738434413213,0.32132736044112986,0
807,0,-1.3642812257769872,0.8157780191135747,0.5019738434413213,0.32132736044112986,0
808,0,1.3064315451520327,-0.6471414766488497,0.5019738434413213,0.32132736044112986,0
810,0,1.3064315451520327,0.8157780191135747,-0.37488136493147695,-0.2636697053780041,1
811,0,1.3064315451520327,-0.6471414766488497,-0.37488136493147695,-0.2636697053780041,1
812,0,-1.3642812257769872,0.8157780191135747,-0.37488136493147695,-0.2636697053780041,0
813,0,-1.3642812257769872,-0.6471414766488497,-0.37488136493147695,-0.2636697053780041,0
814,0,-1.3642812257769872,-0.6471414766488497,-0.37488136493147695,-0.2636697053780041,0
815,0,1.3064315451520327,0.8157780191135747,0.5019738434413213,0.32132736044112986,0
817,0,1.3064315451520327,0.8157780191135747,0.5019738434413213,0.32132736044112986,1
818,0,-1.3642812257769872,0.8157780191135747,-0.37488136493147695,-0.2636697053780041,0
819,0,-1.3642812257769872,-0.6471414766488497,-0.37488136493147695,-0.2636697053780041,0
820,0,1.3064315451520327,0.8157780191135747,0.5019738434413213,0.32132736044112986,0
821,0,1.3064315451520327,0.8157780191135747,0.5019738434413213,0.32132736044112986,1
822,0,-1.3642812257769872,-0.6471414766488497,-0.37488136493147695,0.32132736044112986,0
823,0,1.3064315451520327,0.8157780191135747,0.5019738434413213,0.32132736044112986,1
824,0,1.3064315451520327,0.8157780191135747,-0.37488136493147695,-0.2636697053780041,0
825,0,-1.3642812257769872,0.8157780191135747,0.5019738434413213,0.32132736044112986,0
826,0,1.3064315451520327,0.8157780191135747,0.5019738434413213,0.32132736044112986,1
827,0,1.3064315451520327,0.8157780191135747,0.5019738434413213,-0.2636697053780041,1
828,0,1.3064315451520327,0.8157780191135747,-0.37488136493147695,-0.2636697053780041,1
829,0,1.3064315451520327,0.8157780191135747,0.5019738434413213,0.32132736044112986,1
830,0,1.3064315451520327,0.8157780191135747,0.5019738434413213,0.32132736044112986,1
832,0,1.3064315451520327,0.8157780191135747,-0.37488136493147695,-0.2636697053780041,1
833,0,-1.3642812257769872,-0.6471414766488497,-0.37488136493147695,-0.2636697053780041,0
834,0,1.3064315451520327,0.8157780191135747,0.5019738434413213,0.32132736044112986,0
835,0,1.3064315451520327,-0.6471414766488497,-0.37488136493147695,-0.2636697053780041,0
838,0,1.3064315451520327,0.8157780191135747,0.5019738434413213,0.32132736044112986,1
839,0,1.3064315451520327,0.8157780191135747,0.5019738434413213,-0.2636697053780041,1
840,0,-1.3642812257769872,-0.6471414766488497,-0.37488136493147695,-0.2636697053780041,0
841,0,1.3064315451520327,0.8157780191135747,0.5019738434413213,0.32132736044112986,1
844,0,-1.3642812257769872,-0.6471414766488497,-0.37488136493147695,-0.2636697053780041,1
846,0,-1.3642812257769872,-0.6471414766488497,0.5019738434413213,-0.2636697053780041,1
847,0,1.3064315451520327,0.8157780191135747,0.5019738434413213,0.32132736044112986,1
848,0,1.3064315451520327,0.8157780191135747,0.5019738434413213,0.32132736044112986,0
849,0,-1.3642812257769872,-0.6471414766488497,-0.37488136493147695,-0.2636697053780041,1
850,0,-1.3642812257769872,0.8157780191135747,0.5019738434413213,-0.2636697053780041,1
851,0,1.3064315451520327,0.8157780191135747,0.5019738434413213,0.32132736044112986,1
852,0,1.3064315451520327,0.8157780191135747,-0.37488136493147695,-0.2636697053780041,1
853,0,1.3064315451520327,0.8157780191135747,0.5019738434413213,0.32132736044112986,1
854,0,1.3064315451520327,0.8157780191135747,-0.37488136493147695,0.32132736044112986,1
855,0,1.3064315451520327,0.8157780191135747,-0.37488136493147695,-0.2636697053780041,1
856,0,-1.3642812257769872,-0.6471414766488497,-0.37488136493147695,-0.2636697053780041,1
857,0,1.3064315451520327,0.8157780191135747,-0.37488136493147695,-0.2636697053780041,1
858,0,1.3064315451520327,-0.6471414766488497,-0.37488136493147695,0.32132736044112986,1
859,0,1.3064315451520327,0.8157780191135747,0.5019738434413213,0.32132736044112986,1
860,0,-1.3642812257769872,-0.6471414766488497,-0.37488136493147695,-0.2636697053780041,0
861,0,1.3064315451520327,0.8157780191135747,0.5019738434413213,0.32132736044112986,1
862,0,1.3064315451520327,0.8157780191135747,0.5019738434413213,0.32132736044112986,0
864,0,1.3064315451520327,0.8157780191135747,0.5019738434413213,0.32132736044112986,1
865,0,-1.3642812257769872,-0.6471414766488497,-0.37488136493147695,-0.2636697053780041,0
866,0,1.3064315451520327,0.8157780191135747,-0.37488136493147695,0.32132736044112986,1
867,0,1.3064315451520327,0.8157780191135747,0.5019738434413213,0.32132736044112986,1
869,0,1.3064315451520327,0.8157780191135747,0.5019738434413213,0.32132736044112986,1
870,0,-1.3642812257769872,-0.6471414766488497,0.5019738434413213,0.32132736044112986,1
871,0,1.3064315451520327,-0.6471414766488497,-0.37488136493147695,-0.2636697053780041,1
872,0,-1.3642812257769872,0.8157780191135747,-0.37488136493147695,-0.2636697053780041,1
873,0,-1.3642812257769872,-0.6471414766488497,0.5019738434413213,0.32132736044112986,1
874,0,1.3064315451520327,0.8157780191135747,0.5019738434413213,-0.2636697053780041,1
876,0,1.3064315451520327,0.8157780191135747,0.5019738434413213,-0.2636697053780041,1
877,0,1.3064315451520327,0.8157780191135747,0.5019738434413213,0.32132736044112986,1
879,0,-1.3642812257769872,0.8157780191135747,0.5019738434413213,0.32132736044112986,0
880,0,1.3064315451520327,0.8157780191135747,-0.37488136493147695,-0.2636697053780041,1
881,0,-1.3642812257769872,-0.6471414766488497,-0.37488136493147695,-0.2636697053780041,0
882,0,-1.3642812257769872,-0.6471414766488497,-0.37488136493147695,0.32132736044112986,0
883,0,1.3064315451520327,0.8157780191135747,0.5019738434413213,0.32132736044112986,1
884,0,-1.3642812257769872,-0.6471414766488497,-0.37488136493147695,-0.2636697053780041,1
887,0,1.3064315451520327,0.8157780191135747,0.5019738434413213,-0.2636697053780041,1
888,0,-1.3642812257769872,-0.6471414766488497,0.5019738434413213,0.32132736044112986,0
889,0,1.3064315451520327,0.8157780191135747,0.5019738434413213,0.32132736044112986,1
890,0,1.3064315451520327,-0.6471414766488497,-0.37488136493147695,-0.2636697053780041,1
891,0,1.3064315451520327,0.8157780191135747,0.5019738434413213,0.32132736044112986,1
892,0,1.3064315451520327,0.8157780191135747,0.5019738434413213,0.32132736044112986,0
893,0,1.3064315451520327,0.8157780191135747,0.5019738434413213,0.32132736044112986,1
894,0,1.3064315451520327,-0.6471414766488497,-0.37488136493147695,-0.2636697053780041,0
895,0,-1.3642812257769872,-0.6471414766488497,-0.37488136493147695,-0.2636697053780041,0
896,0,-1.3642812257769872,-0.6471414766488497,-0.37488136493147695,-0.2636697053780041,0
897,0,-1.3642812257769872,-0.6471414766488497,0.5019738434413213,0.32132736044112986,0
898,0,1.3064315451520327,-0.6471414766488497,-0.37488136493147695,-0.2636697053780041,0
899,0,-1.3642812257769872,-0.6471414766488497,0.5019738434413213,0.32132736044112986,0
900,0,-1.3642812257769872,-0.6471414766488497,-0.37488136493147695,0.32132736044112986,0
901,0,-1.3642812257769872,0.8157780191135747,0.5019738434413213,0.32132736044112986,1
902,0,1.3064315451520327,-0.6471414766488497,-0.37488136493147695,-0.2636697053780041,1
904,0,-1.3642812257769872,-0.6471414766488497,-0.37488136493147695,-0.2636697053780041,0
905,0,-1.3642812257769872,-0.6471414766488497,-0.37488136493147695,-0.2636697053780041,0
906,0,-1.3642812257769872,-0.6471414766488497,-0.37488136493147695,-0.2636697053780041,0
907,0,-1.3642812257769872,-0.6471414766488497,-0.37488136493147695,-0.2636697053780041,0
908,0,1.3064315451520327,0.8157780191135747,0.5019738434413213,0.32132736044112986,1
909,0,1.3064315451520327,-0.6471414766488497,-0.37488136493147695,-0.2636697053780041,1
910,0,1.3064315451520327,0.8157780191135747,0.5019738434413213,-0.2636697053780041,1
911,0,1.3064315451520327,0.8157780191135747,0.5019738434413213,0.32132736044112986,1
912,0,-1.3642812257769872,0.8157780191135747,0.5019738434413213,-0.2636697053780041,0
913,0,1.3064315451520327,-0.6471414766488497,-0.37488136493147695,-0.2636697053780041,1
914,0,1.3064315451520327,-0.6471414766488497,-0.37488136493147695,-0.2636697053780041,1
915,0,-1.3642812257769872,-0.6471414766488497,0.5019738434413213,0.32132736044112986,0
916,0,-1.3642812257769872,-0.6471414766488497,-0.37488136493147695,-0.2636697053780041,0
917,0,1.3064315451520327,-0.6471414766488497,-0.37488136493147695,-0.2636697053780041,1
921,0,1.3064315451520327,0.8157780191135747,0.5019738434413213,0.32132736044112986,1
922,0,-1.3642812257769872,-0.6471414766488497,-0.37488136493147695,0.32132736044112986,0
923,0,1.3064315451520327,-0.6471414766488497,-0.37488136493147695,-0.2636697053780041,1
924,0,1.3064315451520327,-0.6471414766488497,-0.37488136493147695,0.32132736044112986,1
925,0,1.3064315451520327,0.8157780191135747,0.5019738434413213,0.32132736044112986,0
926,0,1.3064315451520327,-0.6471414766488497,-0.37488136493147695,0.32132736044112986,0
927,0,1.3064315451520327,0.8157780191135747,-0.37488136493147695,-0.2636697053780041,1
929,0,1.3064315451520327,0.8157780191135747,-0.37488136493147695,-0.2636697053780041,1
930,0,-1.3642812257769872,-0.6471414766488497,0.5019738434413213,0.32132736044112986,0
931,0,-1.3642812257769872,0.8157780191135747,0.5019738434413213,-0.2636697053780041,0
933,0,-1.3642812257769872,0.8157780191135747,0.5019738434413213,-0.2636697053780041,1
934,0,-1.3642812257769872,-0.6471414766488497,-0.37488136493147695,-0.2636697053780041,1
935,0,1.3064315451520327,0.8157780191135747,0.5019738434413213,0.32132736044112986,1
936,0,1.3064315451520327,0.8157780191135747,-0.37488136493147695,-0.2636697053780041,0
937,0,-1.3642812257769872,0.8157780191135747,-0.37488136493147695,-0.2636697053780041,1
939,0,1.3064315451520327,-0.6471414766488497,-0.37488136493147695,-0.2636697053780041,1
940,0,1.3064315451520327,0.8157780191135747,0.5019738434413213,0.32132736044112986,1
941,0,-1.3642812257769872,-0.6471414766488497,-0.37488136493147695,-0.2636697053780041,1
942,0,1.3064315451520327,-0.6471414766488497,-0.37488136493147695,-0.2636697053780041,1
943,0,1.3064315451520327,0.8157780191135747,0.5019738434413213,0.32132736044112986,0
944,0,1.3064315451520327,0.8157780191135747,0.5019738434413213,-0.2636697053780041,0
946,0,-1.3642812257769872,-0.6471414766488497,0.5019738434413213,0.32132736044112986,1
947,0,1.3064315451520327,-0.6471414766488497,0.5019738434413213,-0.2636697053780041,0
948,0,1.3064315451520327,0.8157780191135747,0.5019738434413213,-0.2636697053780041,1
949,0,1.3064315451520327,-0.6471414766488497,-0.37488136493147695,0.32132736044112986,1
950,0,-1.3642812257769872,-0.6471414766488497,-0.37488136493147695,0.32132736044112986,0
951,0,-1.3642812257769872,0.8157780191135747,0.5019738434413213,0.32132736044112986,1
952,0,1.3064315451520327,-0.6471414766488497,-0.37488136493147695,-0.2636697053780041,1
953,0,-1.3642812257769872,-0.6471414766488497,-0.37488136493147695,-0.2636697053780041,1
954,0,-1.3642812257769872,-0.6471414766488497,0.5019738434413213,0.32132736044112986,1
956,0,1.3064315451520327,-0.6471414766488497,-0.37488136493147695,-0.2636697053780041,0
957,0,1.3064315451520327,0.8157780191135747,0.5019738434413213,-0.2636697053780041,1
958,0,1.3064315451520327,0.8157780191135747,0.5019738434413213,0.32132736044112986,1
959,0,1.3064315451520327,-0.6471414766488497,-0.37488136493147695,-0.2636697053780041,1
960,0,-1.3642812257769872,-0.6471414766488497,0.5019738434413213,0.32132736044112986,0
961,0,1.3064315451520327,0.8157780191135747,0.5019738434413213,-0.2636697053780041,1
962,0,1.3064315451520327,-0.6471414766488497,-0.37488136493147695,-0.2636697053780041,1
963,0,-1.3642812257769872,0.8157780191135747,0.5019738434413213,0.32132736044112986,1
964,0,-1.3642812257769872,-0.6471414766488497,0.5019738434413213,-0.2636697053780041,0
965,0,1.3064315451520327,0.8157780191135747,0.5019738434413213,0.32132736044112986,1
966,0,1.3064315451520327,-0.6471414766488497,-0.37488136493147695,-0.2636697053780041,1
967,0,1.3064315451520327,0.8157780191135747,0.5019738434413213,-0.2636697053780041,1
968,0,-1.3642812257769872,-0.6471414766488497,-0.37488136493147695,-0.2636697053780041,0
969,0,1.3064315451520327,-0.6471414766488497,0.5019738434413213,0.32132736044112986,1
970,0,-1.3642812257769872,0.8157780191135747,0.5019738434413213,-0.2636697053780041,0
972,0,-1.3642812257769872,0.8157780191135747,0.5019738434413213,0.32132736044112986,0
973,0,-1.3642812257769872,-0.6471414766488497,0.5019738434413213,0.32132736044112986,1
974,0,1.3064315451520327,0.8157780191135747,0.5019738434413213,0.32132736044112986,1
975,0,1.3064315451520327,0.8157780191135747,-0.37488136493147695,0.32132736044112986,1
976,0,-1.3642812257769872,-0.6471414766488497,-0.37488136493147695,-0.2636697053780041,0
977,0,-1.3642812257769872,-0.6471414766488497,-0.37488136493147695,-0.2636697053780041,1
978,0,1.3064315451520327,-0.6471414766488497,-0.37488136493147695,-0.2636697053780041,1
979,0,1.3064315451520327,0.8157780191135747,0.5019738434413213,0.32132736044112986,1
980,0,1.3064315451520327,0.8157780191135747,0.5019738434413213,-0.2636697053780041,1
981,0,-1.3642812257769872,-0.6471414766488497,-0.37488136493147695,-0.2636697053780041,1
983,0,-1.3642812257769872,-0.6471414766488497,-0.37488136493147695,-0.2636697053780041,0
984,0,-1.3642812257769872,0.8157780191135747,-0.37488136493147695,0.32132736044112986,0
985,0,1.3064315451520327,-0.6471414766488497,-0.37488136493147695,-0.2636697053780041,1
986,0,1.3064315451520327,0.8157780191135747,0.5019738434413213,0.32132736044112986,1
988,0,1.3064315451520327,0.8157780191135747,0.5019738434413213,0.32132736044112986,0
989,0,-1.3642812257769872,-0.6471414766488497,-0.37488136493147695,-0.2636697053780041,0
990,0,-1.3642812257769872,-0.6471414766488497,0.5019738434413213,-0.2636697053780041,0
991,0,1.3064315451520327,0.8157780191135747,0.5019738434413213,-0.2636697053780041,1
992,0,-1.3642812257769872,-0.6471414766488497,-0.37488136493147695,-0.2636697053780041,0
993,0,1.3064315451520327,0.8157780191135747,0.5019738434413213,-0.2636697053780041,1
994,0,1.3064315451520327,-0.6471414766488497,0.5019738434413213,0.32132736044112986,0
996,0,1.3064315451520327,0.8157780191135747,0.5019738434413213,0.32132736044112986,0
997,0,-1.3642812257769872,-0.6471414766488497,-0.37488136493147695,-0.2636697053780041,0
998,0,-1.3642812257769872,0.8157780191135747,-0.37488136493147695,-0.2636697053780041,0
999,0,-1.3642812257769872,-0.6471414766488497,-0.37488136493147695,-0.2636697053780041,0
1000,0,1.3064315451520327,0.8157780191135747,-0.37488136493147695,-0.2636697053780041,1
1002,0,1.3064315451520327,-0.6471414766488497,-0.37488136493147695,-0.2636697053780041,1
1003,0,-1.3642812257769872,-0.6471414766488497,-0.37488136493147695,-0.2636697053780041,0
1004,0,1.3064315451520327,0.8157780191135747,-0.37488136493147695,-0.2636697053780041,1
1008,0,-1.3642812257769872,-0.6471414766488497,-0.37488136493147695,-0.2636697053780041,0
1009,0,1.3064315451520327,0.8157780191135747,-0.37488136493147695,-0.2636697053780041,1
1010,0,-1.3642812257769872,0.8157780191135747,0.5019738434413213,0.32132736044112986,0
1011,0,1.3064315451520327,-0.6471414766488497,0.5019738434413213,0.32132736044112986,0
1012,0,-1.3642812257769872,-0.6471414766488497,0.5019738434413213,0.32132736044112986,1
1014,0,-1.3642812257769872,-0.6471414766488497,-0.37488136493147695,-0.2636697053780041,0
1015,0,1.3064315451520327,-0.6471414766488497,-0.37488136493147695,0.32132736044112986,1
1016,0,-1.3642812257769872,0.8157780191135747,0.5019738434413213,0.32132736044112986,0
1017,0,-1.3642812257769872,-0.6471414766488497,-0.37488136493147695,-0.2636697053780041,0
1018,0,1.3064315451520327,0.8157780191135747,0.5019738434413213,-0.2636697053780041,1
1019,0,-1.3642812257769872,-0.6471414766488497,0.5019738434413213,0.32132736044112986,1
1020,0,1.3064315451520327,0.8157780191135747,0.5019738434413213,0.32132736044112986,1
1021,0,-1.3642812257769872,-0.6471414766488497,-0.37488136493147695,-0.2636697053780041,0
1023,0,-1.3642812257769872,0.8157780191135747,-0.37488136493147695,-0.2636697053780041,0
1024,0,-1.3642812257769872,-0.6471414766488497,-0.37488136493147695,-0.2636697053780041,0
1026,0,-1.3642812257769872,-0.6471414766488497,0.5019738434413213,0.32132736044112986,0
1027,0,1.3064315451520327,-0.6471414766488497,-0.37488136493147695,-0.2636697053780041,1
1028,0,1.3064315451520327,0.8157780191135747,-0.37488136493147695,-0.2636697053780041,1
1029,0,-1.3642812257769872,-0.6471414766488497,-0.37488136493147695,-0.2636697053780041,1
1030,0,-1.3642812257769872,0.8157780191135747,-0.37488136493147695,-0.2636697053780041,0
1031,0,1.3064315451520327,0.8157780191135747,0.5019738434413213,0.32132736044112986,1
1032,0,1.3064315451520327,-0.6471414766488497,0.5019738434413213,0.32132736044112986,1
1033,0,1.3064315451520327,0.8157780191135747,0.5019738434413213,-0.2636697053780041,1
1034,0,1.3064315451520327,-0.6471414766488497,0.5019738434413213,0.32132736044112986,0
1035,0,1.3064315451520327,-0.6471414766488497,-0.37488136493147695,-0.2636697053780041,1
1036,0,1.3064315451520327,0.8157780191135747,0.5019738434413213,0.32132736044112986,1
1037,0,-1.3642812257769872,-0.6471414766488497,0.5019738434413213,0.32132736044112986,1
1038,0,1.3064315451520327,0.8157780191135747,0.5019738434413213,0.32132736044112986,1
1040,0,1.3064315451520327,0.8157780191135747,-0.37488136493147695,-0.2636697053780041,1
1044,0,-1.3642812257769872,-0.6471414766488497,0.5019738434413213,0.32132736044112986,0
1046,0,1.3064315451520327,-0.6471414766488497,-0.37488136493147695,-0.2636697053780041,1
1047,0,-1.3642812257769872,-0.6471414766488497,0.5019738434413213,0.32132736044112986,1
1048,0,-1.3642812257769872,-0.6471414766488497,-0.37488136493147695,-0.2636697053780041,0
1049,0,-1.3642812257769872,0.8157780191135747,0.5019738434413213,0.32132736044112986,1
1050,0,1.3064315451520327,-0.6471414766488497,-0.37488136493147695,-0.2636697053780041,0
1051,0,-1.3642812257769872,-0.6471414766488497,-0.37488136493147695,-0.2636697053780041,0
1052,0,-1.3642812257769872,-0.6471414766488497,-0.37488136493147695,0.32132736044112986,0
1053,0,1.3064315451520327,0.8157780191135747,-0.37488136493147695,-0.2636697053780041,1
1054,0,-1.3642812257769872,-0.6471414766488497,-0.37488136493147695,-0.2636697053780041,0
1055,0,-1.3642812257769872,-0.6471414766488497,-0.37488136493147695,0.32132736044112986,1
1057,0,1.3064315451520327,-0.6471414766488497,-0.37488136493147695,-0.2636697053780041,1
1058,0,1.3064315451520327,0.8157780191135747,-0.37488136493147695,-0.2636697053780041,1
1059,0,-1.3642812257769872,-0.6471414766488497,-0.37488136493147695,-0.2636697053780041,1
1060,0,1.3064315451520327,0.8157780191135747,0.5019738434413213,0.32132736044112986,1
1061,0,-1.3642812257769872,0.8157780191135747,0.5019738434413213,0.32132736044112986,1
1062,0,-1.3642812257769872,0.8157780191135747,-0.37488136493147695,-0.2636697053780041,0
1063,0,-1.3642812257769872,0.8157780191135747,0.5019738434413213,0.32132736044112986,0
1064,0,-1.3642812257769872,0.8157780191135747,-0.37488136493147695,0.32132736044112986,0
1065,0,1.3064315451520327,0.8157780191135747,0.5019738434413213,0.32132736044112986,1
1066,0,-1.3642812257769872,-0.6471414766488497,-0.37488136493147695,-0.2636697053780041,1
1067,0,-1.3642812257769872,-0.6471414766488497,-0.37488136493147695,-0.2636697053780041,0
1068,0,-1.3642812257769872,-0.6471414766488497,-0.37488136493147695,0.32132736044112986,0
1069,0,-1.3642812257769872,0.8157780191135747,-0.37488136493147695,0.32132736044112986,1
1070,0,-1.3642812257769872,0.8157780191135747,-0.37488136493147695,-0.2636697053780041,0
1071,0,-1.3642812257769872,-0.6471414766488497,-0.37488136493147695,-0.2636697053780041,0
1072,0,1.3064315451520327,0.8157780191135747,0.5019738434413213,0.32132736044112986,1
1073,0,1.3064315451520327,-0.6471414766488497,-0.37488136493147695,-0.2636697053780041,1
1074,0,-1.3642812257769872,-0.6471414766488497,-0.37488136493147695,-0.2636697053780041,0
1075,0,1.3064315451520327,-0.6471414766488497,-0.37488136493147695,-0.2636697053780041,1
1076,0,1.3064315451520327,0.8157780191135747,-0.37488136493147695,-0.2636697053780041,1
1077,0,-1.3642812257769872,0.8157780191135747,0.5019738434413213,0.32132736044112986,0
1078,0,-1.3642812257769872,-0.6471414766488497,-0.37488136493147695,-0.2636697053780041,1
1079,0,1.3064315451520327,0.8157780191135747,0.5019738434413213,0.32132736044112986,1
1080,0,1.3064315451520327,-0.6471414766488497,-0.37488136493147695,-0.2636697053780041,1
